id,siren,name,brand_name,description,address,city,postal_code,country,phone,website,logo,siret,ceo_name,ape,founded_date,turnover_2022,gouv_searched,gouv_street,gouv_city,gouv_postal_code,gouv_country,gouv_lat,gouv_lng
164,847593225,AAA COIFFURE,AAA COIFFURE,,11 RUE PAGANINI,NICE,06000,,,,,84759322500018,Salah HARROU,9602A,2019-01-15,33300.0,1,Rue Paganini,Nice,06000,,43.702199,7.263926
203,331057406,ACA NEXIA,ACA NEXIA,,31 RUE HENRI ROCHEFORT,PARIS,75017,,,,,33105740600067,Olivier LELONG,6920Z,1984-09-01,18602980.0,1,Rue Henri Rochefort,Paris,75017,,48.882511,2.308276
163,845298249,AEV AUTO ECOLE VEILLON,AUTO ECOLE VEILLON,,11 AVENUE VILLERMONT,NICE,06000,,,,,84529824900028,Emna KHALFAOUI,8553Z,2019-01-09,244188.0,1,Avenue Villermont,Nice,06000,,43.7093,7.264297
527,316473305,AGRI-POLE,AGRI-POLE,,RUE SAINT VICTOR,VILLEFRANCHE-DE-ROUERGUE,34420,,,,,31647330500035,Robert BARTHES,4661Z,1979-01-01,,0,,,,,,
310,349638395,AIR CORSICA,CCM AIRLINES,,CAMPO DELL ORO,AJACCIO,20090,,,,,34963839500021,Luc BERENI,5110Z,1990-01-01,130850508.0,1,Campo Dell Oro,Ajaccio,20090,,41.929606,8.804378
137,450351325,AITEC EVOLUTION,AITEC EVOLUTION,,102 AVENUE ESTIENNE D ORVES PROL,NICE,06100,,,,,45035132500037,Laurent AICARDI,4321A,2003-10-01,5699000.0,0,,,,,,
179,312196777,AIX AUTOMOBILES,TOA,,730 RUE GUILLAUME DU VAIR,AIX-EN-PROVENCE,13290,,,,,31219677700014,SAAEM SA,4511Z,1964-01-01,68192548.0,1,Rue Guillaume du Vair,Aix-en-Provence,13290,,43.50718,5.399349
162,843587825,AKPE,AKPE,,6 BIS AVENUE DURANTE,NICE,06000,,,,,84358782500012,Walid AMOR,4322A,2018-10-25,32500.0,1,Avenue Durante,Nice,06000,,43.702007,7.262613
165,848012662,A L'HEURE D'EMILIE,A L'HEURE D'EMILIE,,16 RUE HOTEL DES POSTES,NICE,06000,,,,,84801266200013,Emilie CIAIS,9525Z,2019-01-21,96000.0,1,Rue de l'Hôtel des Postes,Nice,06000,,43.701186,7.274438
304,347951238,ALSTOM HOLDINGS,DEM LCA,,48 RUE ALBERT DHALENNE,SAINT OUEN SUR SEINE,93400,,,,,34795123800869,Laurent MARTINEZ,7010Z,1988-09-05,353000000.0,1,Rue Albert Dhalenne,Saint-Ouen-sur-Seine,93400,,48.914934,2.330397
128,389573981,AMBROSI France,AMBROSI FRANCE,,5 PLACE ILE DE BEAUTE,NICE,06300,,,,,38957398100013,Giuseppe AMBROSI,4633Z,1992-12-24,104594100.0,1,Place de l'Ile de Beauté,Nice,06300,,43.698677,7.285621
307,348390626,AMCOR FLEXIBLE CAPSULES France,AMCOR FLEXIBLES CAPSULES FRANCE,,1 RUE DE MANTES,COLOMBES,92700,,,,,34839062600292,AMCOR FRANCE,2592Z,1988-10-15,109282503.0,1,Rue de Mantes,Colombes,92700,,48.909653,2.233652
278,333520591,A.M.S. FRANCE AFRICA MOBILITY SOLUTIONS France,CPS CFAO TEC,,57 RUE YVES KERMEN,BOULOGNE-BILLANCOURT,92100,,,,,33352059100095,Annie DATEU,4531Z,1985-08-20,770142148.0,1,Rue Yves Kermen,Boulogne-Billancourt,92100,,48.827608,2.240651
139,452716285,ANA,ANA,,253 BOULEVARD DE LA MADELEINE,NICE,06000,,,,,45271628500021,Atik OGANESSOV,4399C,2004-03-02,23500.0,1,Boulevard de la Madeleine,Nice,06000,,43.71211,7.22561
193,322120916,APPLE France,APPLE FRANCE SIÈGE,,7 PLACE D IENA,PARIS,75116,,,,,32212091600208,Éamonn CLANCY,6820B,1981-10-01,224590199.0,1,Place d'Iéna,Paris,75016,,48.86425,2.293755
542,318548948,AQUA D'OC,AQUA D'OC,,2286 LA LAURAGAISE,SAINT-THIBÉRY,31670,,,,,31854894800088,LP HOLDING,4661Z,1980-01-01,,0,,,,,,
173,880149406,ARENO,ARENO,,14 RUE DU BOIS GUILLAUME,EVRY COURCOURONNES,91000,,,,,88014940600014,Chouhaïbe NOUAR KHERKHACHI,4399C,2019-12-30,445300.0,1,Rue du Bois Guillaume,Évry-Courcouronnes,91000,,48.641705,2.424603
189,319632790,ARKEMA,CENTRE APPLICATION LEVALLOIS ATOCHEM,,420 RUE ESTIENNE D ORVES,COLOMBES,92700,,,,,31963279000857,Thiery PARMENTIER,2014Z,1980-01-01,3558200000.0,1,Rue d’Estienne d’Orves,Colombes,92700,,48.908979,2.230907
126,339899486,AROMATECH,AROMATECH,,ROUTE DE GRASSE,SAINT-CÉZAIRE-SUR-SIAGNE,06530,,,,,33989948600023,CAPAROM HOLDING,2053Z,1987-01-16,27044000.0,1,Route de Grasse,Saint-Cézaire-sur-Siagne,06530,,43.64936,6.807111
492,306762824,ARROUZE SAS,ARROUZE SAS,,83 AVENUE DE LA GRANDE ARMEE,SERRES-CASTET,75116,,,,,30676282400010,Mathieu SOULIE,4519Z,1976-01-01,,0,,,,,,
197,326216132,ASSELIN,ASSELIN,,10 BOULEVARD AUGUSTE RODIN,THOUARS,79100,,,,,32621613200018,FRANCOIS ASSELIN ENTREPRISE,4332A,1982-09-01,16266983.0,1,Boulevard Auguste Rodin,Thouars,79100,,46.987932,-0.217719
127,382507002,ATELEC,ATELEC,,23 RUE CLEMENT ROASSAL,NICE,06000,,,,,38250700200022,FINO SERGE ONUFRE,4321A,1991-07-01,98300.0,1,Rue Clément Roassal,Nice,06000,,43.708105,7.260504
515,314258047,AUTO REAL RN 20,AUTOMOBILES DU FALGA,,11 RUE DE CAMBRAI,MURET,75019,,,,,31425804700047,HOLDING 4 R,4511Z,1978-01-01,,1,Rue de Cambrai,Paris,75019,,48.896148,2.380225
144,515051944,AZUR SANTE PLUS,AZUR SANTE PLUS,,14 BIS AVENUE GEORGE 5,NICE,06000,,,,,51505194400053,Sophie VIDAL CROS,8810A,2009-09-18,8293000.0,1,Avenue George V,Nice,06000,,43.710903,7.268479
455,63200885,Baker Tilly STREGO,BAKERTILLY STREGO,,RUE PRE DIDIER,ANGERS,38120,,,,,6320088500943,Thierry CROISEY,6920Z,1998-12-25,,0,,,,,,
161,843308263,B.A.L. ET GRAVURE,B.A.L. ET GRAVURE,,17 PLACE DU GRAND JARDIN,VENCE,06140,,,,,84330826300014,Lilian-maxence HEUTTE,4752A,2018-10-05,81300.0,1,Place du Grand Jardin,Vence,06140,,43.722433,7.111724
447,25480401,BARRAULT,BARRAULT,,ZAC AGEN SUD,NIORT,47000,,,,,2548040100097,AUTOMOTIVE INVEST SAS - AMI SAS,4531Z,1958-01-01,,0,,,,,,
118,310026489,BARTHELEMY MANUTENTION,FENWICK,,17 RUE DE BERLIN,VITROLLES,13127,,,,,31002648900081,Frédéric BOSSARD,4669B,1977-01-01,58267601.0,1,Rue de Berlin,Vitrolles,13127,,43.424784,5.253677
538,317928455,BARTHEZ,SUPER U,,285 GAVARY,THÉZAN-LÈS-BÉZIERS,83260,,,,,31792845500060,Claude JEANJEAN,4711F,1989-12-25,,0,,,,,,
112,305635039,BASTIDE LE CONFORT MEDICAL,BASTIDE LE CONFORT MEDICAL,,12 AVENUE DE LA DAME,CAISSARGUES,30132,,,,,30563503900194,Vincent BASTIDE,7729Z,1976-01-01,249781236.0,1,Avenue de la Dame,Caissargues,30132,,43.798003,4.38241
148,530801778,BEG RENOVATION,BEG RENOVATION,,6 BIS AVENUE DURANTE,NICE,06000,,,,,53080177800016,Eric GELLERAT,4322A,2011-01-01,208400.0,1,Avenue Durante,Nice,06000,,43.702007,7.262613
500,309719292,BEUCHAT INTERNATIONAL SAS,BEUCHAT INTERNATIONAL SAS,,255 CHEMIN DE CROISSET,MARSEILLE,76000,,,,,30971929200034,,4649Z,1977-01-01,,0,,,,,,
140,487766784,BEWELLCONNECT,BEWELLCONNECT,,470 PROMENADE DES ANGLAIS,NICE,06200,,,,,48776678400093,BEWELLTHY,4646Z,2005-12-27,596000.0,1,Promenade des Anglais,Nice,06000,,43.666629,7.212989
514,314211855,B.F. PARTICIPATIONS,ETABLISSEMENTS BELLOC,,21 BOULEVARD DE JOFFRERY,MILLAS,31600,,,,,31421185500023,Jean FOURNE,4611Z,1964-01-01,,1,Boulevard de Joffrery,Muret,31600,,43.479189,1.335759
109,303559249,BG ingenieur conseil,BG-21,,40 AVENUE DES TERROIRS DE FRANCE,PARIS,75012,,,,,30355924900238,Pierre EPARS,7112B,1982-03-01,45439772.0,1,Avenue des Terroirs de France,Paris,75012,,48.831912,2.388676
513,314209206,BIZERBA FRANCE,BIZERBA FRANCE,,BOULEVARD DE LA GARE,SAINT-QUENTIN-FALLAVIER,66170,,,,,31420920600015,BIZERBA SE AND CO KG,4669B,1978-01-01,,0,,,,,,
120,311315329,B&M FRANCE SAS,B&M,,8 RUE DU BOIS JOLI,COURNON-D’AUVERGNE,63800,,,,,31131532900848,Anthony GIRON,4719A,1977-01-01,417531010.0,1,rue du Bois Joli,Cournon-d'Auvergne,63800,,45.747276,3.156174
200,329570857,BNP PARIBAS REAL ESTATE TRANSACTION FRANCE,BNPPRE TRANSACTION FRANCE,,50 COURS DE L'ILE SEGUIN,BOULOGNE-BILLANCOURT,92100,,,,,32957085700865,Laurent BOUCHER,6831Z,1984-01-01,177305148.0,1,Cours de l'Ile Seguin,Boulogne-Billancourt,92100,,48.827741,2.234805
505,311068266,BOSE,BOSE,,6 RUE DE LA REDOUTE,SAINT-GERMAIN-EN-LAYE,78280,,,,,31106826600205,Petrus DE BRUIJN,4643Z,1977-01-01,,0,,,,,,
342,402468029,BOUL PAT SERVICE,BOUL'PAT SERVICES,,AVENUE OLIVIER PERROY,ROUSSET,13790,,,,,40246802900077,ARYZTA FRANCE,4639A,1995-09-29,34931804.0,1,Avenue Olivier Perroy,Rousset,13790,,43.470043,5.602939
503,310785811,BRACHOT,BRACHOT,,34 AVENUE DE VABRE,SAINT-ÉTIENNE-LÈS-REMIREMONT,12000,,,,,31078581100053,Dirk VAN OVERBERGHE,4673A,1977-01-01,,0,,,,,,
150,782644421,BRASSERIE MAURO,BRASSERIE MAURO ANTIBES,,67 BOULEVARD DU VAL CLARET,ANTIBES,06600,,,,,78264442100029,Nathalie BALLESTER,4634Z,1994-12-14,19721900.0,1,Boulevard du Val Claret,Antibes,06600,,43.594222,7.12237
495,308550359,BRAULT TRAVAUX PUBLICS,BRAULT TRAVAUX PUBLICS,,5 ALLEE DES CHAMPS PINSONS,BÉZIERS,31650,,,,,30855035900027,Guillaume BRAULT,4221Z,1977-01-01,,0,,,,,,
154,830856738,BSC BATI SUD CONSTRUCTION,BATI SUD CONSTRUCTION,,61 RUE ROSSINI,NICE,06000,,,,,83085673800018,Jamel FATTOUM,4399C,2017-07-10,577600.0,1,Rue Rossini,Nice,06000,,43.700753,7.257724
141,492677539,BTF CONSULTING,BTF CONSULTING,,2 RUE DE LA BOUCHERIE,CIPIÈRES,06620,,,,,49267753900016,BTF HOLDING,4671Z,2006-11-02,815100.0,1,Rue de la Boucherie,Cipières,06620,,43.783487,6.955491
114,306140039,Capelli,CAPELLI,,43 RUE DU FAUBOURG SAINT HONORE,PARIS,75008,,,,,30614003900182,Christophe CAPELLI,4110A,1976-01-01,22909000.0,1,Rue du Faubourg Saint-Honoré,Paris,75008,,48.86989,2.318287
340,400089538,CARRE BLANC BOUTIQUES,CARRE BLANC,,12 ROND-POINT DES CHAMPS ELYSEES-MARCEL DASSAU,PARIS,75008,,,,,40008953800203,CARRE BLANC EXPANSION,4751Z,1995-02-01,23621902.0,1,Rond-point des Champs Elysées-Marcel Dassault,Paris,75008,,48.86972,2.309784
186,318083110,CCAW AMPLIFON France,AMPLIFON,,9 BOULEVARD ROMAIN ROLLAND,PARIS,75014,,,,,31808311011182,Amaury DUTREIL,4774Z,1980-01-01,252402739.0,0,,,,,,
111,305546616,CEGI CENTRE D'ETUDES ET DE GESTION INFORMATIQUE,Centre d'Etudes et de Gestion Informatique,,63 BIS BOULEVARD BESSIERES,PARIS,75017,,,,,30554661600049,GT INFORMATIQUE,6202B,1976-01-01,15159711.0,1,Boulevard Bessières,Paris,75017,,48.89722,2.321802
181,313334856,CELIO France,CELIO,,21 RUE BLANQUI,SAINT OUEN SUR SEINE,93400,,,,,31333485601684,MAUDELINA,4642Z,1978-06-01,360842628.0,1,Rue Blanqui,Saint-Ouen-sur-Seine,93400,,48.906049,2.338418
450,27250026,CENTRAVET,CENTRAVET,,36 BIS RUE DELAAGE,TADEN,49100,,,,,2725002600070,Murielle VABRET,4646Z,1955-01-01,,0,,,,,,
131,430090522,CETCOM,CETCOM,,3 AVENUE MALAUSSENA,NICE,06000,,,,,43009052200011,Jean TODRANI,4321A,2000-01-01,320700.0,1,Avenue Malausséna,Nice,06000,,43.706555,7.26408
151,794986364,CHAMS,CHAMS,,1260 CHEMIN DU VAL MARTIN,VALBONNE,06560,,,,,79498636400014,MK HOLDING,6810Z,2013-09-01,8761500.0,1,Chemin du Val Martin,Valbonne,06560,,43.627435,7.012159
537,317668390,CHANTOVENT,PROMOVIN COLOMB MARECHAL SBV CMV SIMEON,,RUE DE LA CARRIERASSE,BONNIÈRES-SUR-SEINE,34490,,,,,31766839000022,Michel AGNEL,4634Z,1980-04-01,,0,,,,,,
160,843047820,CHOPARD NICE SCC,HOPCAR,,74 BOULEVARD RENE CASSIN,NICE,06200,,,,,84304782000025,E.C.L.,4511Z,2018-10-03,64107000.0,1,Boulevard René Cassin,Nice,06200,,43.670372,7.221193
454,61501615,CHRISTAUD,BILLMAT,,4 RUE PAPIAU DE LA VERRIE,ÉCHIROLLES,49000,,,,,6150161500019,Christian ROSSI,2454Z,1963-01-01,,0,,,,,,
338,398379222,CIA FRANCE ALITHYA France,I P S I,,25 RUE DE LA PETITE DURANNE,AIX-EN-PROVENCE,13080,,,,,39837922200084,Paul RAYMOND,6202A,1994-09-09,10379904.0,1,Rue de la Petite Duranne,Aix-en-Provence,13100,,43.495173,5.351625
296,342837416,CLAIRE'S France,CLAIRE'S,,10 AVENUE KLEBER,PARIS,75116,,,,,34283741603023,Richard FLINT,4778C,1987-10-21,96601118.0,1,Avenue Kléber,Paris,75016,,48.871884,2.293376
337,398330357,CL DISTRIBUTION,ODUO COLLECTIONS,,17 RUE MARGUERITE YOURCENAR,DIJON,21000,,,,,39833035700862,Jean-marc LASSELIN,4771Z,1994-09-01,54537506.0,1,Rue Marguerite Yourcenar,Dijon,21000,,47.351811,5.055991
458,67803452,CLINIQUE DE PROVENCE-BOURBONNE,CLINIQUE DE PROVENCE-BOURBONNE,,ROUTE NATIONALE 23,AUBAGNE,49170,,,,,6780345200019,Cyrille SZYMKOWICZ,8610Z,1968-01-01,,0,,,,,,
321,377870100,CLINIQUE DES TROIS CYPRES,CLINIQUE VALMONT,,BOULEVARD DES CANDOLLES,LA PENNE-SUR-HUVEAUNE,13821,,,,,37787010000023,Gérard PICHENOT,8610Z,1990-05-01,9797137.0,1,Boulevard des Candolles,La Penne-sur-Huveaune,13821,,43.280114,5.50832
176,958805806,CLINIQUE MOZART CHIR AMBULATOIRE ESTHETI,CLINIQUE MOZART CENTRE DE CHIRURGIE AMBULATOIRE ET DE CHIRURGIEESTHETIQUE,,17 AVENUE AUBER,NICE,06000,,,,,95880580600014,BOUCQ DENIS,8610Z,1958-01-01,222800.0,1,Avenue Auber,Nice,06000,,43.701075,7.261544
457,65804064,CLINIQUE SAINT MARTIN,CLINIQUE SAINT MARTIN,,ROUTE DE TOULON,MARSEILLE,13400,,,,,6580406400049,Francois GIOCANTI,8610Z,1967-01-01,,0,,,,,,
175,955802061,CMC,MALONGO,,RUE ZI 9EME RUE,CARROS,06510,,,,,95580206100106,Hugo ROMBOUTS,1083Z,1955-01-01,105751200.0,0,,,,,,
283,337953459,COMADIM BNP PARIBAS REAL ESTATE PROPERTY MANAGEMENT FRANCE SAS,BNP PARIBAS REAL ESTATE PROPERTY MANAGEMENT FRANCE SAS ,,50 COURS DE L'ILE SEGUIN,BOULOGNE-BILLANCOURT,92100,,,,,33795345900506,Csongor CSUKAS,6832A,1986-06-05,48960142.0,1,Cours de l'Ile Seguin,Boulogne-Billancourt,92100,,48.827741,2.234805
336,397624545,COMPAGNIE INTERNATIONALE DE MAINTENANCE ET D ASSISTANCE TECHNIQUE SARTEC,COMPAGNIE INTERNATIONALE DE MAINTENANCE ET D ASSISTANCE TECHNIQUE SARTEC,,40 AVENUE JOSE NOBRE,MARTIGUES,13500,,,,,39762454500109,FOS SERVICE LEVAGE FOSELEV,3312Z,1994-06-23,21903957.0,1,Avenue Jose Nobre,Martigues,13500,,43.399064,5.035681
335,396720310,COMTESSE DU BARRY,COMTESSE DU BARRY,,ROUTE DU TOUGET,GIMONT,32200,,,,,39672031000137,MVVH,1012Z,1967-09-22,19243152.0,1,Route de Touget,Gimont,32200,,43.627484,0.886539
149,553750407,COSTAMAGNA DISTRIBUTION,COSTAMAGNA DISTRIBUTION,,7 BOULEVARD CARABACEL,Nice,06000,,,,,55375040700080,Anne COSTAMAGNA,4673A,1900-01-01,82718600.0,1,Boulevard Carabacel,Nice,06000,,43.702963,7.277931
339,399877257,CQFD- AMOS,CQFD,,33 RUE DAVIEL,PARIS,75013,,,,,39987725700044,Patrick TOUATI,8559A,1995-01-20,8000000.0,1,Rue Daviel,Paris,75013,,48.828278,2.343673
202,330792987,CREATIONS FUSALP,FUSALP LYON,,114 AVENUE DE FRANCE,ANNECY,74000,,,,,33079298700027,Alexandre FAUVET,4771Z,1984-08-01,36008129.0,1,Avenue de France,Annecy,74000,,45.922475,6.130232
473,302306592,CRENO-IMPEX,CRENO-IMPEX,,1 AVENUE SAN FERNANDO,CHÂTEAURENARD,78180,,,,,30230659200148,Françe AME,4631Z,1984-12-04,,0,,,,,,
333,393135298,CS GROUP - France,CS SI,,22 AVENUE GALILEE,LE PLESSIS-ROBINSON,92350,,,,,39313529800502,Fernand PASQUIER,6202A,1993-11-23,196624000.0,1,Avenue Galilee,Le Plessis-Robinson,92350,,48.773662,2.244743
468,300163896,DE SANGOSSE,DE SANGOSSE,,193 CHEMIN DE LA FAUCEILLE,PONT-DU-CASSE,66100,,,,,30016389600016,Nicolas FILLON,4675Z,1988-12-25,,0,,,,,,
299,344307384,DHL GLOBAL FORWARDING (FRANCE) SAS,DGF,,22 AVENUE DES NATIONS,VILLEPINTE,93420,,,,,34430738400778,Laurent TERREYRE,5229B,1988-01-21,814599203.0,1,Avenue des Nations,Villepinte,93420,,48.97341,2.508361
325,382837268,DIESEL France,DIESEL,,42 AVENUE D IENA,PARIS,75116,,,,,38283726800392,Renzo ROSSO,4771Z,1991-08-01,15520538.0,1,Avenue d'Iéna,Paris,75016,,48.86665,2.295326
130,421863747,ECLAIR SERVICE KEREN,AECLAIR SERVICE,,31 RUE BOTTERO,NICE,06000,,,,,42186374700026,Jean HALIMI,4321A,1999-01-01,180000.0,1,Rue Bottéro,Nice,06000,,43.696342,7.251992
289,338302383,ECOTEC,ECOLE INTERNATIONALE TUNON- TUNON - WIN - CAP VERS,,164 RUE DU FAUBOURG SAINT HONORE,PARIS,75008,,,,,33830238300041,EDUSERVICES,8542Z,1986-05-01,14236198.0,1,Rue du Faubourg Saint-Honoré,Paris,75008,,48.873504,2.309341
201,330730771,EES - CS EIFFAGE ENERGIE SYSTEMES - CLEMESSY SERVICES,EIFFEL INDUSTRIE AQUITAINE,,3 PLACE DE L EUROPE,VÉLIZY-VILLACOUBLAY,78140,,,,,33073077100590,Nicolas ANDRIVON,3320A,1984-07-23,212326578.0,1,Place de l’Europe,Vélizy-Villacoublay,78140,,48.779059,2.205397
319,353286065,EIFFAGE CONSTRUCTION SUD-EST,EIFFAGE CONSTRUCTION SUD-EST,,7 RUE DU DEVOIR,MARSEILLE,13015,,,,,35328606500084,EIFFAGE CONSTRUCTION,4120B,1989-11-20,228524966.0,1,Rue du devoir,Marseille,13015,,43.323649,5.365416
348,413901760,ELIOR ENTREPRISE,263434,,9 ALLEE DE L ARCHE,COURBEVOIE,92400,,,,,41390176026595,Jean-yves FONTAINE,5629B,1997-09-26,442081804.0,1,Allee de l’Arche,Courbevoie,92400,,48.895177,2.237913
486,305390585,ENTREPRISE DELDOSSI,ENTREPRISE DELDOSSI,,1 RUE BRINDEJONC DES MOULINAIS,SAINT-SULPICE-LA-POINTE,31500,,,,,30539058500019,Alain DELDOSSI,4730Z,1976-01-01,,0,,,,,,
290,338375454,ERIC BOMPARD,ERIC BOMPARD,,4 RUE LONGCHAMP,Nice,06000,,,,,33837545400216,Ludovic MOSNIER,4771Z,2000-09-01,65336708.0,1,Rue Longchamp,Nice,06000,,43.69884,7.267315
305,348006446,ERNST ET YOUNG ADVISORY,ERNST & YOUNG ADVISORY ,,1 PLACE DES SAISONS,COURBEVOIE,92400,,,,,34800644600234,Bertrand BARET,7022Z,1988-06-16,462236781.0,1,Place des Saisons,Courbevoie,92400,,48.889153,2.251671
300,344366315,ERNST & YOUNG AUDIT,ERNST & YOUNG AUDIT,,2 PLACE DES SAISONS,COURBEVOIE,92400,,,,,34436631500440,Alain PERROUX,6920Z,1987-12-11,186599933.0,1,Place des Saisons,Courbevoie,92400,,48.889166,2.251662
327,388301988,ESLC SERVICES,GOLLE FRERES,,22 RUE EUGENE HENAFF,VÉNISSIEUX,69200,,,,,38830198801470,ESLC ENERGIES,4671Z,1992-08-05,201068445.0,1,Rue Eugène Hénaff,Vénissieux,69200,,45.687487,4.900654
184,316643170,ETABLISSEMENTS CHARLES CHEVIGNON,ETABLISSEMENTS CHARLES CHEVIGNON,,24 AVENUE JEAN MEDECIN,Nice,06000,,,,,31664317000392,STEPHANE COLLAERT CONSEIL,4771Z,2003-06-01,6500185.0,1,Avenue Jean Médecin,Nice,06000,,43.701933,7.267196
479,304056526,ETABLISSEMENTS LE JANNOU,ETABLISSEMENTS LE JANNOU,,ROUTE D ESPALION,SAINT-ALBAN,12850,,,,,30405652600037,WACOTT,4631Z,1974-01-01,,0,,,,,,
507,311771158,ETABLISSEMENTS POCHON,E.M.D.,,CARREFOUR CARREFOUR PREVERT,LA ROCHELLE,77970,,,,,31177115800038,Julien POCHON,4652Z,1978-01-01,,0,,,,,,
467,97180301,ETABLISSEMENTS ROBERT AGEST,LE GEANT DU LOISIR,,BONNEL,BIZANOS,47480,,,,,9718030100034,Catherine PECASTAING,4519Z,1996-12-25,,0,,,,,,
122,331376004,EVICOM,EVICOM,,33 ALLEE DES PECHEURS,SAINT-LAURENT-DU-VAR,06700,,,,,33137600400056,Yves MERENDA,4652Z,1984-12-21,712467.0,1,Allée des Pêcheurs,Saint-Laurent-du-Var,06700,,43.685259,7.18617
477,303754071,FAURIE LOCATION & SERVICES,LOMATIC AUVERGNE,,QUARTIER LA CLAIRETTE,AUBIÈRE,07140,,,,,30375407100114,,7712Z,1980-07-02,,0,,,,,,
311,349797357,FERMOB,FERMOB,,124 RUE RAYMOND NOEL,SAINT-DIDIER-SUR-CHALARONNE,01140,,,,,34979735700010,Baptiste REYBIER,3109A,1989-02-27,119693005.0,1,Rue Raymond Noel,Saint-Didier-sur-Chalaronne,01140,,46.182166,4.801517
198,327359980,FEU VERT,FEU VERT,,11 ALLEE MOULIN BERGER,ÉCULLY,69130,,,,,32735998001799,FINANCIERE RAMSES II,4532Z,1983-04-01,421373497.0,1,Allée du Moulin Berger,Écully,69130,,45.798236,4.769089
185,317288389,FIDUCIAL INFORMATIQUE,SATELIT   ORGASOFT INFORMATIQUE,,41 RUE DU CAPITAINE GUYNEMER,COURBEVOIE,92400,,,,,31728838900529,Jean-claude CARQUILLAT,6202A,1979-01-01,95717335.0,1,Rue du Capitaine Guynemer,Courbevoie,92400,,48.895841,2.243662
469,300300290,FLUIDRA COMMERCIAL FRANCE,FLUIDRA COMMERCIAL FRANCE,,226 RUE LOUIS LEPINE,PERPIGNAN,30600,,,,,30030029000172,ZPES HOLDINGS,4673B,1974-01-01,,0,,,,,,
124,332303650,FORESI BATIMENT,FORESI BATIMENT,,1 RUE DE JUSSIEU,NICE,06000,,,,,33230365000011,Christian TODESCO,4321A,1985-04-03,1713000.0,1,Rue de Jussieu,Nice,06000,,43.70194,7.252723
489,305912131,FRANCE TRAVAUX PUBLICS SERVICES,FRANCE TP SERVICES,,AVENUE DE TOULOUSE,PESSAC,12200,,,,,30591213100052,Frédéric PUJOL,7732Z,1976-01-01,,0,,,,,,
172,879087864,FRIGOTEKNIKA NISSA,FRIGOTEKNIKA NISSA,,75 BOULEVARD FRANCOIS GROSSO,NICE,06000,,,,,87908786400028,Bruno MARZOCCHI,4322B,2019-11-15,119400.0,1,Boulevard François Grosso,Nice,06000,,43.699419,7.251103
472,301940011,FUJITSU TECHNOLOGY SOLUTIONS,FUJITSU TECHNOLOGY SOLUTIONS,,255 QUAI DE LA BATAILLE DE STALINGRAD,COURBEVOIE,92130,,,,,30194001100846,Joao DOMINGOS,6202A,1975-01-01,,1,Quai de la Bataille de Stalingrad,Issy-les-Moulineaux,92130,,48.821877,2.251205
525,316432467,GAMM VERT SYNERGIES SUD-OUEST,MAISADOUR,,1500 ROUTE DE MONBAHUS,ANGERS,47290,,,,,31643246700710,TERACT RETAIL,4776Z,1979-01-01,,0,,,,,,
146,524659232,GANGITANO RICHARD,MONSIEUR RICHARD GANGITANO,,2 AVENUE ESTIENNE D ORVES,NICE,06000,,,,,52465923200010,Richard GANGITANO,4322A,2010-09-15,102000.0,1,Avenue Honoré d'Estienne d'Orves,Nice,06000,,43.701532,7.253704
330,391918158,GAP FRANCE SAS,GAP - GAPKIDS - BABYGAP,,12 PLACE DAUPHINE,PARIS,75001,,,,,39191815800620,Delaram MIRESKANDARI,4771Z,1993-07-20,13615268.0,1,Place Dauphine,Paris,75001,,48.856752,2.342742
494,308198951,GAUTIER SAS,GAUTIER PRIMEX,,26 ROUTE DE LESPIGNAN,USSAC,34500,,,,,30819895100052,ESTIVIN GROUPE HOLDING FINANCE,4631Z,1976-01-01,,0,,,,,,
182,315334011,GENERAL LOGISTICS SYSTEMS France,GLS FRANCE,,14 RUE MICHEL LABROUSSE,TOULOUSE,31100,,,,,31533401101434,GLS INVEST FRANCE SAS,5229A,1979-11-01,457089284.0,1,Rue Michel Labrousse,Toulouse,31100,,43.568501,1.386738
190,319679825,GENERAL MILLS France,GENERAL MILLS FRANCE ,,30 COURS DE L'ILE SEGUIN,BOULOGNE-BILLANCOURT,92100,,,,,31967982500194,David BRODOWSKA,4636Z,1980-09-01,261694915.0,1,Cours de l'Ile Seguin,Boulogne-Billancourt,92100,,48.82753,2.234119
519,315062752,GEODIS CL Ile de France,G2R CLER CALBERSON LOGISTIQUE ENVIRONNEM,,ROUTE DE DINAN,LEVALLOIS-PERRET,35120,,,,,31506275202306,Frédéric PASQUAL,5210B,1979-01-01,,0,,,,,,
504,310923495,GEODIS D&E Aveyron,AVEYRON MESSAGERIE,,26 AVENUE DE WINCHESTER,RODEZ,78100,,,,,31092349500033,Constantino MENDEZ,5229A,1984-10-01,,1,Avenue de Winchester,Saint-Germain-en-Laye,78100,,48.907642,2.072755
115,306731688,GEODIS D&E MEDITERRANEE,GEODIS - FRANCE EXPRESS,,RUE DU TRAITE DE ROME,SAINT-JEAN-DE-VÉDAS,34430,,,,,30673168800108,Eric CASTAINGT,5229A,1983-05-01,133437348.0,1,Rue du Traite de Rome,Saint-Jean-de-Védas,34430,,43.569308,3.839064
117,309706992,"GINGER
(SUD EXPRESS)",SUD EXPRESS,,52 RUE DU FBG POISSONNIERE,PARIS,75010,,,,,30970699200281,Patrick BELLAICHE,4771Z,1977-01-01,46374715.0,1,Rue du Faubourg Poissonnière,Paris,75010,,48.874623,2.348105
545,408627354,Goodman France,Goodman,"Transactions sur immeubles et fonds de commerce. Gestion immobilière. Acquisition de tous immeubles, biens et droits immobiliers,",24 RUE DE PRONY,PARIS 17,75017,France,,https://fr.goodman.com/,,408627354 00124,Aurelien Noel,4110C,2018-07-20,83200000.0,,,,,,,
315,351466495,GRANDS MOULINS DE PARIS,MOULIN DU BOS,,99 RUE MIRABEAU,IVRY-SUR-SEINE,94200,,,,,35146649500063,Pierre GARCIA-BENQUE,1061A,1989-07-01,560396000.0,1,Rue Mirabeau,Ivry-sur-Seine,94200,,48.820626,2.377739
497,309372720,GROUPE LACAN,GROUPE LACAN,,RUE DE FIEUZAL,RÉQUISTA,33520,,,,,30937272000032,Marc LACAN,4661Z,1980-06-01,,0,,,,,,
187,318771623,GROUPE LA CENTRALE,LA CENTRALE,,37 RUE DU ROCHER,PARIS,75008,,,,,31877162300200,GLC HOLDING,5813Z,1980-01-01,16642066.3302325,1,Rue du Rocher,Paris,75008,,48.877464,2.320818
499,309543486,GROUPE MTM,IMPRESSION & SOLUTIONS,,52 RUE DU FBG POISSONNIERE,PERPIGNAN,75010,,,,,30954348600075,Jean-luc MORA,4649Z,1977-01-01,,0,,,,,,
535,317410249,GRUEL FAYER,LA SEMEUSE,,1220 AVENUE DE L EUROPE,CHÂTEAUBOURG,82000,,,,,31741024900039,Bernard GOUDY,4675Z,1979-01-01,,0,,,,,,
520,315064501,GUISNEL DISTRIBUTION SAS,GUISNEL DISTRIBUTION,,3 QUAI DU POINT DU JOUR,DOL-DE-BRETAGNE,92100,,,,,31506450100010,GROUPE GUISNEL,4941A,1979-01-01,,0,,,,,,
143,514023134,H2EAU SERVICES,H2EAU Services,,75 AVENUE MARECHAL LYAUTEY,NICE,06000,,,,,51402313400026,Bertrand CHEVALLIER,4322B,2009-07-01,293000.0,1,Avenue Maréchal Lyautey,Nice,06000,,43.715685,7.28125
298,343738266,HAPPY CURL,LA BOUTIQUE DU COIFFEUR,,60 RUE SALVADOR ALLENDE,TOMBLAINE,54510,,,,,34373826600083,Rolando MONTEIRO TARRENTA,4645Z,1988-02-01,87600054.0,1,Rue Salvador Allendé,Tomblaine,54510,,48.683751,6.230744
170,852053180,HOMEFRUITS,HOMEFRUITS,,105 RUE DE FRANCE,NICE,06000,,,,,85205318000018,Sabrina DIETHARDT GARCIA,4721Z,2019-07-02,570300.0,1,Rue de France,Nice,06000,,43.694863,7.254919
459,68200575,HORTICASH,HORTICASH,,7 RUE DES ARCHES,SAINT-MARTIN-DU-FOUILLOUX,41000,,,,,6820057500014,GROUPE BERNARD CAMUS,4622Z,1993-06-25,,0,,,,,,
177,959801952,HOSTELLERIE DU CHATEAU DE LA CHEVRE D'OR,LE GRILL DU CHATEAU,,RUE DU BARRI,ÈZE,06360,,,,,95980195200018,Aria HARAJCHI,5610A,1959-01-01,8501800.0,1,Rue du Barri,Èze,06360,,43.727641,7.362193
116,307035725,HOYA LENS FRANCE,Hoya Lens France,,RUE WILLY BRANDT,ÉMERAINVILLE,77184,,,,,30703572500174,Hans WERQUIN,4643Z,1976-01-01,77914857.0,1,Rue Willy Brandt,Émerainville,77184,,48.810564,2.614562
171,852346253,HUISSIERS GRANDSUD,HUISSIERS GRANDSUD,,31 AVENUE JEAN MEDECIN,NICE,06000,,,,,85234625300010,Géraldine CHAGNAUD,6910Z,2019-07-10,17200.0,1,Avenue Jean Médecin,Nice,06000,,43.701996,7.266959
460,68500206,HUSQVARNA CONSTRUCTION PRODUCTS FRANCE,HTC,,1 RUE DU TERTRE,BLOIS,49070,,,,,6850020600203,Olivier TOUZE,4663Z,1901-12-25,,0,,,,,,
541,318292513,IBM Interactive,IBM INTERACTIVE,,27 AVENUE RICCARDO MAZZA,NOISY-LE-GRAND,34630,,,,,31829251300146,Alex BAUER,6202A,1980-01-01,,0,,,,,,
544,318607207,Icade Management,ICADE MANAGEMENT,,37 RUE DU ROCHER,ISSY-LES-MOULINEAUX,75008,,,,,31860720700210,,8299Z,1980-01-01,,0,,,,,,
487,305446262,ICOM FRANCE,ICOM,,63 BIS BOULEVARD BESSIERES,TOULOUSE,75017,,,,,30544626200043,Lionel LEWIN FLEUR,4652Z,1976-01-01,,0,,,,,,
316,351745724,IKEA France,IKEA,,425 RUE HENRI BARBUSSE,PLAISIR,78370,,,,,35174572400200,Johan LAURELL,4759A,1989-08-01,3285352020.0,1,Rue Henri Barbusse,Plaisir,78370,,48.830453,1.968593
132,438487977, IMMELEC,IMMELEC,,4 RUE D ALGER,NICE,06000,,,,,43848797700029,Thierry CAPUTO,4321A,2001-07-01,217300.0,1,Rue d'Alger,Nice,06000,,43.703961,7.269368
482,304498702,INOVIE Biopole 66,LABORATOIRE DE BIOLOGIE MEDICALE,,1202 LE VIEUX CHEMIN DE TOULON,CABESTANY,83400,,,,,30449870200022,Benoît MARNET,8690B,1975-01-01,,0,,,,,,
480,304165962,INTER-SERVICE,SICA,,6 AVENUE DES METIERS,ONET-LE-CHÂTEAU,12000,,,,,30416596200024,Hervé SOLIGNAC,4776Z,1976-01-01,,0,,,,,,
303,347835274,IPSEN PHARMA BIOTECH,IPB ETABLISSEMENT GAMMASTER,,CHEMIN DEPARTEMENTAL 402,SIGNES,83870,,,,,34783527400015,Sandrine GARCIA,2120Z,1988-08-18,419561161.0,0,,,,,,
532,316881911,IRRIGARONNE,PROSJET,,30 AVENUE DE VERDUN,AIMARGUES,34120,,,,,31688191100176,Gilles SOILLY,4661Z,1969-01-01,,0,,,,,,
523,316138635,ISSEY MIYAKE EUROPE,PLEATS PLEASE ISSEY MIYAKE,,82 RUE HISPANO SUIZA,PARIS,66000,,,,,31613863500040,Tempe BRICKHILL,4642Z,1979-01-01,,1,Rue Hispano Suiza,Perpignan,66000,,42.661876,2.905938
493,306844622,JARDILAND,JARDILAND,,RUE WILLY BRANDT,PARIS,77184,,,,,30684462201091,TERACT RETAIL,4776Z,1976-01-01,,0,,,,,,
157,842047318,JOY NICE,LE CURRY,,15 RUE SAINT PHILIPPE,NICE,06000,,,,,84204731800014,Anil MANDA,5610A,2018-08-16,60000.0,1,Rue Saint-Philippe,Nice,06000,,43.695479,7.255075
470,301351029,KILOUTOU ENERGIE,KILOUTOU ENERGIE,,ZAC DE LA VIALETTE,MUGRON,81150,,,,,30135102900022,KILOUTOU,7732Z,1975-01-01,,0,,,,,,
282,337879464,KINNARPS SA,KINNARPS SA,,1712 ROUTE DE QUARANTE SOUS,ORGEVAL,78630,,,,,33787946400143,Jean LAMBRON,4665Z,1986-05-09,58626357.0,0,,,,,,
107,302695614,KONICA MINOLTA BUSINESS SOLUTIONS FRANCE,KONICA MINOLTA,,365 ROUTE DE ST GERMAIN,CARRIÈRES-SUR-SEINE,78420,,,,,30269561400354,Jonathan LEYVA,9511Z,1973-09-30,381140900.0,1,Route de Saint Germain,Carrières-sur-Seine,78420,,48.910744,2.164545
279,333583466,KUEHNE NAGEL,KUEHNE NAGEL,,PARC ACTIVIT NID A GRIVE,FERRIÈRES-EN-BRIE,77164,,,,,33358346600052,Guillaume PEARD,5210B,1985-09-03,1102620735.0,0,,,,,,
113,305823296,LABORATOIRES M&L,REGAIN,,ZI SAINT MAURICE,MANOSQUE,04100,,,,,30582329600077,Florian CROCE,2042Z,1976-01-01,286585438.0,0,,,,,,
159,842665697,LAETIT'BE,LAETIT'BE,,17 BOULEVARD JOSEPH GARNIER,NICE,06000,,,,,84266569700012,Laetitia SIBONY,4771Z,2018-09-18,65700.0,1,Boulevard Joseph Garnier,Nice,06000,,43.710021,7.259558
521,315065292,LA FRANCAISE DES JEUX,LA FRANCAISE DES JEUX,,14 RUE MICHEL LABROUSSE,BOULOGNE-BILLANCOURT,31100,,,,,31506529200296,Stéphane PALLEZ,9200Z,1979-11-01,,0,,,,,,
528,316475227,LAMBERTON,LAUDIS,,70 AVENUE VICTOR DALBIEZ,VILLENEUVE-LÈS-BÉZIERS,66000,,,,,31647522700039,Jean-jacques LAMBERTON,4673A,1979-01-01,,0,,,,,,
451,55200984,LARIVIERE,LARIVIERE EXPERT DE L'ENVELOPPE DU BATIMENT,,2 RUE RAYMOND PITET,ANGERS,38100,,,,,5520098400270,Julien MONTEIRO,4673A,1985-06-03,,0,,,,,,
543,318604907,LAUDIS,LAUDIS AUTOMOBILES,,27 RUE CAMILLE DESMOULINS,LABÈGE,92130,,,,,31860490700143,STÉ PAR ACTIONS SIMPLIFIÉE PEYROT INVESTISSEMENTS,4511Z,1986-03-25,,1,Rue Camille Desmoulins,Issy-les-Moulineaux,92130,,48.829546,2.264634
147,528755614,LCE LE CANN ELECTRICITE,LE CANN ELECTRICITE,,5 RUE BISCARRA,NICE,06000,,,,,52875561400013,Franck LE CANN,4321A,2010-12-01,111200.0,1,Rue Biscarra,Nice,06000,,43.703132,7.270042
136,450228317,LE MAS DE PIERRE,LE MAS DE PIERRE,,2431 ROUTE DE CAGNES,VENCE,06140,,,,,45022831700019,SOCRI FINANCIERE HOTELIERE,5510Z,2003-09-12,8459200.0,1,Route de Cagnes,Vence,06140,,43.705035,7.133059
168,848970737,LE PERA SAS,IL PAESELLO,,32 RUE LAMARTINE,NICE,06000,,,,,84897073700021,Francesco LE PERA,5610C,2019-03-08,57700.0,1,Rue Lamartine,Nice,06000,,43.704111,7.267816
518,314605247,LES CELLIERS JEAN D'ALIBERT,LES CELLIERS JEAN D'ALIBERT,,26 QUAI CHARLES PASQUA,RIEUX-MINERVOIS,92300,,,,,31460524700027,Pascal FERNANDEZ,4634Z,1979-01-01,,0,,,,,,
155,841466998,LES MARQUISES,CBD QUEEN,,11 BOULEVARD GAMBETTA,NICE,06000,,,,,84146699800025,Angélique ROSANO,4773Z,2018-07-18,151700.0,1,Boulevard Gambetta,Nice,06000,,43.69496,7.256161
145,521693523,LOUIS CEDRIC,MONSIEUR CEDRIC LOUIS,,44 AVENUE DE L ARBRE INFERIEUR,NICE,06000,,,,,52169352300032,Cedric LOUIS,4321A,2010-04-05,150000.0,1,Avenue de l'Arbre Inférieur,Nice,06000,,43.711116,7.279019
292,339012452, M6 METROPOLE TELEVISION,M6,,89 AVENUE CHARLES DE GAULLE,NEUILLY-SUR-SEINE,92200,,,,,33901245200084,Marie CHEVAL,6020A,1986-10-08,635400000.0,1,Avenue Charles de Gaulle,Neuilly-sur-Seine,92200,,48.880529,2.272601
178,971801865,MAISON BONIFASSI,DIS CO BIERES,,RUE ZI 16EME RUE,CARROS,06510,,,,,97180186500033,MÉTIS,4634Z,1971-01-01,10239800.0,0,,,,,,
510,312045248,MALTHA GLASS RECYCLING FRANCE,IPAQ,,730 RUE GUILLAUME DU VAIR,IZON,13290,,,,,31204524800035,Liève DECLERCQ,3832Z,1964-01-01,,1,Rue Guillaume du Vair,Aix-en-Provence,13290,,43.50718,5.399349
280,335309563,MARIANNE INTERNATIONAL,MARIANNE INTERNATIONAL,,17 BIS BOULEVARD PASTEUR,PARIS,75015,,,,,33530956300096,Alain CHALON,7810Z,1986-04-01,12672508.0,1,Boulevard Pasteur,Paris,75015,,48.844105,2.312106
152,807868872,MATIX,MATIX,,11 RUE CHALGRIN,PARIS,75116,,,,,80786887200019,Michal STOLARCZYK,4399C,2014-11-01,3983400.0,1,Rue Chalgrin,Paris,75016,,48.874207,2.288331
317,352751200,MEDIANCE,MEDIANCE F184,,117 AVENUE DE LA REPUBLIQUE,CHÂTILLON,92320,,,,,35275120000606,COMPASS GROUP FRANCE,5610C,1989-12-14,15509164.0,1,Avenue de la République,Châtillon,92320,,48.80529,2.297928
517,314584160,MERCIER,ETS MERCIER,,ROUTE DE PEPIEUX,LUC-LA-PRIMAUBE,11160,,,,,31458416000050,Séverine ROUSSEL,4673A,1978-01-01,,0,,,,,,
471,301638656,MIDI PYRENEES DISTRIBUTION,MIDI PYRENEES DISTRIBUTION,,PARVIS ZAHA HADID,MARSSAC-SUR-TARN,92400,,,,,30163865600043,Joao GAITAS,4633Z,1984-11-01,,0,,,,,,
294,342069143,MILAN PRESSE,MILAN PRESSE,,1 ROND-POINT DU GENERAL EISENHOWER,TOULOUSE,31100,,,,,34206914300085,BAYARD PRESSE SA À DIRECTOIRE ET CONSEIL DE SURVEILLANCE,5814Z,1987-07-20,46090772.0,1,Rond-point du Général Eisenhower,Toulouse,31100,,43.578584,1.36485
347,413157306,MINELLI SAS,MINELLI - ORCADE,,30 AVENUE DU CHATEAU DE JOUQUES,GÉMENOS,13420,,,,,41315730603183,0,4772A,1997-07-23,84041187.0,1,Avenue du Chateau de Jouques,Gémenos,13420,,43.280607,5.610471
534,317097350,M&L DISTRIBUTION (France) S.A.R.L.,L'OCCITANE - MELVITA - ERBORIAN,,41 RUE DU CAPITAINE GUYNEMER,MANOSQUE,92400,,,,,31709735000043,Adrien GEIGER,9602B,1979-01-01,,1,Rue du Capitaine Guynemer,Courbevoie,92400,,48.895841,2.243662
324,381515857,MONTRE SERVICE,MONTRE SERVICE,,60 RUE DE WATTIGNIES,PARIS,75012,,,,,38151585700377,RONEL HOLDINGS (FRANCE),9525Z,1991-04-01,10259339.0,1,Rue de Wattignies,Paris,75012,,48.835253,2.398162
104,300990686,MOUCHET BURRY,BLEU CERISE,,226 RUE LOUIS LEPINE,VAUVERT,30600,,,,,30099068600572,Guillaume JOURNEL,4772B,1974-01-01,17321982.0,1,rue Louis Lépine,Vauvert,30600,,43.706312,4.284932
346,412575623,NEWREST France,NEWREST FRANCE ORLY WISSOUS,,8 ALLEE HENRY POTEZ,BLAGNAC,31700,,,,,41257562300019,Stéphane HEGRON,5629B,1997-06-13,81288656.0,1,Allée Henry Potez,Blagnac,31700,,43.62605,1.37974
314,351442082,NEWREST RESTAURATION,RESTAURANT LES JARDINS D ELEONORE,,8 ALLEE HENRY POTEZ,BLAGNAC,31700,,,,,35144208206081,Olivier LAURAC,5629B,1984-01-01,126904797.0,1,Allée Henry Potez,Blagnac,31700,,43.62605,1.37974
174,954802062,NICE PLOMBERIE,NICE-PLOMBERIE,,14 RUE EMMA ET PHILIPPE TIRANTY,NICE,06000,,,,,95480206200032,Dominique ECK,4322A,1995-12-25,582200.0,1,Rue Emma et Philippe Tiranty,Nice,06000,,43.703129,7.267333
153,811816727,NICE PRESTIGE VTC,NICE PRESTIGE VTC,,3 RUE GIOFFREDO,NICE,06000,,,,,81181672700028,Jesus DE PINA MONIZ SEMEDO,4932Z,2015-06-04,49300.0,1,Rue Gioffrédo,Nice,06000,,43.702711,7.276979
501,309869337,OCETRA,OCETRA,,17 RUE DE BERLIN,ROUEN,13127,,,,,30986933700043,Isabelle CHAMBAULT,5229B,1977-01-01,,0,,,,,,
328,388698201,OCP REPARTITION,DMM ET OCP REPARTITION,,2 RUE GALIEN,SAINT OUEN SUR SEINE,93400,,,,,38869820100752,Claude CASTELLS,4646Z,1992-09-24,6321360369.0,1,Rue Galien,Saint-Ouen-sur-Seine,93400,,48.907096,2.318791
531,316853332,OMRON ELECTRONICS,OMRON,,320 AVENUE DE LA PETITE CAMARGUE,NOGENT-SUR-MARNE,30470,,,,,31685333200211,Fernando COLAS FUSTERO,4669A,1979-01-01,,0,,,,,,
484,305207169,Orano Démantèlement,AREVA NC,,15 RUE DU LT PIERRE MURARD,CHÂTILLON,10000,,,,,30520716900601,Philippe KNOCHE,3900Z,1965-01-01,,0,,,,,,
462,70201728,Oratio avocats,Oratio avocats,,ZI LES CONDAMINES,ANGERS,38320,,,,,7020172800287,Gilles CAMPHORT,6910Z,1970-01-01,,0,,,,,,
180,312326978,OUEST HARMONIE,MAXI-BAZAR,,15 AVENUE AUGUSTE RENOIR,CAGNES-SUR-MER,06800,,,,,31232697800037,Jean-marie POMARES,4751Z,1990-02-06,112162313.0,1,Avenue Auguste Renoir,Cagnes-sur-Mer,06800,,43.663622,7.150017
188,319438321,OUTILLAGE DE ST ETIENNE,SHOPIX,,RUE PIERRE GEORGES LATECOERE,ANDRÉZIEUX-BOUTHÉON,42160,,,,,31943832100055,SAFIR,4789Z,1980-07-01,46677183.0,1,Rue Pierre Georges Latécoère,Andrézieux-Bouthéon,42160,,45.526999,4.288769
530,316754985,PAGES MA,PAGES MA,,3 PARVIS DE LA GARE NOGENT -BALTARD,AURILLAC,94130,,,,,31675498500034,Vincent PAGES,4661Z,1979-01-01,,1,Parvis de la Gare Nogent Baltard,Nogent-sur-Marne,94130,,48.834222,2.472041
464,71803795,PARLYM ENGINEERING,PARLYM ENGINEERING,,196 BOULEVARD MIREILLE LAUZE,MARSEILLE,13010,,,,,7180379500203,ENGINEERING AND FINANCE PARTNERS,7112B,1972-01-01,,1,Boulevard mireille lauze,Marseille,13010,,43.283478,5.416229
498,309467884,PAROT VI,GAP V.I.,,420 BOULEVARD MARIUS BERLIET,BRUGES,66000,,,,,30946788400073,GROUPE PAROT,4511Z,1977-01-01,,1,Boulevard Marius BERLIET,Perpignan,66000,,42.731191,2.893989
488,305850646,PEDUZZI,ATELIER DES ORMES,,3 RUE JEAN PERRIN,FRESSE-SUR-MOSELLE,33600,,,,,30585064600038,GROUPE LIVIO,4399C,1976-01-01,,0,,,,,,
476,303656375,PERNOD RICARD FRANCE,LOCATION DE KART,,5 AVENUE DE COURNON,MARSEILLE,63170,,,,,30365637500787,Philippe COUTIN,1101Z,1975-01-01,,0,,,,,,
533,316980085,PEZENAS DISTRIBUTION,SCORE,,ZI SAINT MAURICE,PÉZENAS,04100,,,,,31698008500013,UFANA,4711F,1979-01-01,,0,,,,,,
196,326118502,PIERRE FABRE MEDICAMENT,LABORATOIRES ROBAPHARM - PIERRE FABRE PHARMACEUTI,,CAUQUILLOUS BAS,LAVAUR,81500,,,,,32611850200201,Jean-luc LOWINSKI,2120Z,1982-12-27,1046075483.0,0,,,,,,
166,848287058,POKE LOV,POKE LOV.,,10 RUE ALBERTI,NICE,06000,,,,,84828705800012,Léa DI BENEDETTO,5610C,2019-02-11,305900.0,1,Rue Alberti,Nice,06000,,43.699277,7.27216
121,324947753,POLYCLINIQUE SAINT JEAN,CLINIQUE DU PANORAMA,,92 AVENUE MAURICE DONAT,CAGNES-SUR-MER,06800,,,,,32494775300020,Alexandra CITTADINI,8610Z,1982-07-01,45660000.0,1,Avenue Docteur Maurice Donat,Cagnes-sur-Mer,06800,,43.660823,7.136616
344,410379119,POUJAUD,POUJAUD,,30 AVENUE MIRABEAU,CHÂTEAUNEUF-LES-MARTIGUES,13220,,,,,41037911900010,POUJAUD-ALTRAD SAS,4399B,1996-12-18,18483800.0,1,Avenue Mirabeau,Châteauneuf-les-Martigues,13220,,43.398251,5.109151
284,338112733,PRICEWATERHOUSECOOPERS ADVISORY,PRICEWATERHOUSECOOPERS ADVISORY,,63 RUE DE VILLIERS,NEUILLY-SUR-SEINE,92200,,,,,33811273300278,Christophe DESGRANGES,7022Z,1986-06-24,383790432.0,1,Rue de Villiers,Neuilly-sur-Seine,92200,,48.892475,2.277294
485,305377251,PROSUD-OUEST,BERTRAND COPELEC PRO & CIE,,88 RD 988,IZON,81370,,,,,30537725100080,TROISIEME ACTE,4643Z,1976-01-01,,0,,,,,,
167,848792727,PROVIDENCE ASSURANCES,PROVIDENCE ASSURANCES,,13 RUE TONDUTI DE L ESCARENE,NICE,06000,,,,,84879272700028,Kevin CIFFREO,6622Z,2019-03-01,125200.0,1,Rue Tonduti de l'Escarène,Nice,06000,,43.701456,7.274317
516,314283326,PV DISTRIBUTION,ARCS VOYAGES,,109 AVENUE DE RODEZ,PARIS,12450,,,,,31428332600093,Martine VALLETTE,7912Z,1978-01-01,,1,Avenue de Rodez,Luc-la-Primaube,12450,,44.301668,2.555273
306,348058165,PWC AUDIT,PWC AUDIT,,63 RUE DE VILLIERS,NEUILLY-SUR-SEINE,92200,,,,,34805816500104,Patrice MOROT,6920Z,1988-07-04,83228438.0,1,Rue de Villiers,Neuilly-sur-Seine,92200,,48.892475,2.277294
297,342879400,RALPH LAUREN FRANCE SAS,RALPH LAUREN STORE CANNES (917),,23 RUE DE VIENNE,PARIS,75008,,,,,34287940000139,Carmel PEDATELLA,4771Z,1987-10-26,154544023.0,1,Rue de Vienne,Paris,75008,,48.877744,2.322239
508,311834105,RAMBACH,RAMBACH,,735 ROUTE DES COMBATTANTS D'INDOCHINE,JOUY-LE-CHÂTEL,82800,,,,,31183410500018,FL RAMBACH,4520B,1978-01-01,,0,,,,,,
465,72800600,RESO,RESO,,10 CHEMIN DE LACADE,MARSEILLE,31320,,,,,7280060000057,Christophe COULET,4673A,1961-01-01,,0,,,,,,
326,383359510, REX ROTARY,REX ROTARY,,3 RUE JESSE OWENS,SAINT-DENIS,93210,,,,,38335951000807,Nicola DOWNING,9511Z,1991-09-30,120696195.0,1,Rue Jesse Owens,Saint-Denis,93200,,48.923457,2.364425
281,337621841,RICOH France,RICOH,,7 AVENUE ROBERT SCHUMAN,RUNGIS,94150,,,,,33762184100903,Elie CHOUKROUN,9511Z,1986-04-29,453398187.0,1,Avenue Robert Schuman,Rungis,94150,,48.747403,2.357964
204,332899731,RIP CURL EUROPE,RIP CURL SURF STATION,,407 AVENUE DE LA TUILERIE,SOORTS-HOSSEGOR,40150,,,,,33289973100035,Mathieu LEFIN,4642Z,1985-06-20,54534049.0,1,Avenue de la Tuilerie,Soorts-Hossegor,40150,,43.668536,-1.38352
313,351322722,RISO FRANCE SA,RISO FRANCE S.A.,,49 RUE DE LA CITE,LYON,69003,,,,,35132272200064,Fabrice SPOSITO,3312Z,1989-06-08,54092240.0,1,Rue de la Cité,Lyon,69003,,45.758752,4.872599
156,841563729,RIVIERA DOUBLE DECKER,RIVIERA DOUBLE DECKER,,6 BIS AVENUE DURANTE,NICE,06000,,,,,84156372900018,Anthony HENNEQUIN,7990Z,2018-07-30,18300.0,1,Avenue Durante,Nice,06000,,43.702007,7.262613
183,315711218,ROHLIG FRANCE SAS,ROHLIG,,22 AVENUE DES NATIONS,VILLEPINTE,93420,,,,,31571121800265,"ROHLIG LOGISTICS GMBH & CO,KG STE DROIT ETRANGER",5229B,1979-01-01,147659393.0,1,Avenue des Nations,Villepinte,93420,,48.97341,2.508361
191,320955396,RUBIX France,RUBIX FRANCE,,61 AVENUE TONY GARNIER,LYON,69007,,,,,32095539602633,Franck VOISIN,4669B,1981-02-06,741414642.0,1,Avenue Tony Garnier,Lyon,69007,,45.726669,4.83305
474,302588462,SAIPEM S.A,SAIPEM S.A,,20 ALLEE TURCAT MERY,MONTIGNY-LE-BRETONNEUX,13008,,,,,30258846200200,Bertrand MARECHAL,4291Z,2014-07-01,,0,,,,,,
158,842360505,SALON AMANDINE,SALON AMANDIINE,,104 BOULEVARD DE LA MADELEINE,NICE,06000,,,,,84236050500015,Amandine CHAUSSIGNAND,9602A,2018-09-13,49000.0,1,Boulevard de la Madeleine,Nice,06000,,43.698859,7.23964
452,56502248,SAMSE,SAMSE,,40 RUE FRANCINE FROMONT,GRENOBLE,69120,,,,,5650224801131,Olivier MALFAIT,4673A,1968-01-01,,0,,,,,,
125,337850143,SAM SOC AZUREENNE DE MAINTENANCE,SOCIETE AZUREENNE DE MAINTENANCE SAM,,3 AVENUE MALAUSSENA,NICE,06000,,,,,33785014300013,Philippe VAGANAY,4322A,1986-05-28,122400.0,1,Avenue Malausséna,Nice,06000,,43.706555,7.26408
135,443582374,SARL DIB,SARL D.I.B.,,19 RUE GUBERNATIS,NICE,06000,,,,,44358237400049,Jean DI BENEDETTO,4399C,2002-08-01,2325100.0,1,Rue Gubernatis,Nice,06000,,43.70072,7.272334
129,401342787,SAS FREMOND,SAS FREMOND,,6 RUE ABBE GREGOIRE,NICE,06000,,,,,40134278700017,Patrick FREMOND,4321A,1995-04-01,546000.0,1,Rue Abbé Grégoire,Nice,06000,,43.705503,7.257654
133,440237667,SAS HYPER GRASSE,SAS HYPER GRASSE,,59 CHEMIN DE L ORME,GRASSE,06130,,,,,44023766700025,Eric PANGRANI,4711F,2001-12-18,117582600.0,1,Chemin de l’Orme,Grasse,06130,,43.652535,6.944137
295,342715604,SAS POTAIN TP,LA BONNE CHAIR,,719 ROUTE DE LA CLAYETTE,VAREILLES,71800,,,,,34271560400019,Philippe POTAIN,4222Z,1987-09-01,23649962.0,1,route de la clayette,Vareilles,71800,,46.294885,4.26922
524,316395581,SAVVIC AUTO,SALVAZA AUTOMOBILES,,35 RUE CHATEAU D ORGEMONT,PERPIGNAN,49000,,,,,31639558100119,SAAEM SA,4511Z,1979-01-01,,0,,,,,,
334,393339460,SBM FORMULATION,SBM FORMULATION,,AVENUE JEAN FOUCAULT,BÉZIERS,34500,,,,,39333946000023,Jean-paul SIMMLER,2020Z,1993-12-01,34820151.0,1,Avenue Jean Foucault,Béziers,34500,,43.331497,3.25513
526,316468461,S.C.A. UNICOQUE,S.C.A. UNICOQUE,,FARROU,CANCON,12200,,,,,31646846100058,Thierry DESCAZEAUX,4631Z,1979-01-01,,0,,,,,,
481,304189004,SCP FRANCE,SCP POOL,,AVENUE AMBROISE CROIZAT,LE MONASTÈRE,66330,,,,,30418900400084,SCP EUROPE,4673B,1990-12-25,,0,,,,,,
123,331405936,"SEA SUD EST ASSAINISSEMENT
(VEOLIA PROPRETE)",FORVILLE,,AVENUE DE LA GAUDE,CAGNES-SUR-MER,06800,,,,,33140593600013,Romain ASCIONE,3821Z,1984-01-01,116764000.0,1,Avenue de La Gaude,Cagnes-sur-Mer,06800,,43.675985,7.150752
285,338246317,SECURIAL FIDUCIAL SECURITE HUMAINE EN ABREGE FIDUCIAL SECURITE,PROSEGUR,,41 RUE DU CAPITAINE GUYNEMER,COURBEVOIE,92400,,,,,33824631700642,Matthias BOIZARD,8010Z,1986-06-01,129178646.0,1,Rue du Capitaine Guynemer,Courbevoie,92400,,48.895841,2.243662
301,344394093,SECURIAL FIDUCIAL TECHNOLOGY SECURITY EN ABREGE FIDUCIAL SECURITE,PROSEGUR,,41 RUE DU CAPITAINE GUYNEMER,COURBEVOIE,92400,,,,,34439409300175,FIDUCIAL HOLDING SECURITY EN ABRÉGÉ FIDUCIAL SECURITE,3320D,1988-04-01,16355505.0,1,Rue du Capitaine Guynemer,Courbevoie,92400,,48.895841,2.243662
332,392804530,SECURI France,SECURI-FRANCE,,575 AVENUE ALPHONSE LAVALLEE,LA FARLÈDE,83210,,,,,39280453000021,André SENANEDJ,8010Z,1993-11-10,5800000.0,0,,,,,,
199,328730361,SEMACO,COREP,,21 RUE VIGUERIE,TOULOUSE,31300,,,,,32873036100016,SEMAFI,8219Z,1983-11-15,10460080.0,1,Rue Viguerie,Toulouse,31300,,43.600006,1.435502
287,338253131,SFRS SOCIETE FRANCAISE DE RESTAURATION ET SERVICES,LYCEE HAFFREINGUE CHANLAIRE,,6 RUE DE LA REDOUTE,GUYANCOURT,78280,,,,,33825313110992,Sophie NERON BERGER,5629A,1982-09-01,258856986.0,1,Rue de la Redoute,Guyancourt,78280,,48.783192,2.057953
286,338253081,SFS SODEXO SANTE MEDICO SOCIAL,SODEHO FRANCE HOTELLERIE ET SANTE,,6 RUE DE LA REDOUTE,GUYANCOURT,78280,,,,,33825308123562,Bruno VAQUETTE,5629A,1986-07-01,510586199.0,1,Rue de la Redoute,Guyancourt,78280,,48.783192,2.057953
277,333321636,SHARP BUSINESS SYSTEMS France,P.A.B. PERIGORD AGENAIS BUREAUTIQUE ET C,,244 ROUTE DE SEYSSES,TOULOUSE,31100,,,,,33332163600586,Yoichi TOMOTA,9511Z,1985-04-01,104189014.0,1,Route de Seysses,Toulouse,31100,,43.562089,1.406562
475,303434591,SILLIKER,SILLIKER,,40 AVENUE DES TERROIRS DE FRANCE,CERGY,75012,,,,,30343459100630,Stéphane HUET,7120B,1982-03-01,,1,Avenue des Terroirs de France,Paris,75012,,48.831912,2.388676
142,493826085,SLT,C G B,,5 RUE OSCAR 2,NICE,06000,,,,,49382608500018,Joël MONIOT,4322A,2007-01-01,930200.0,1,Rue Oscar II,Nice,06000,,43.703878,7.255295
331,392343083,SMRS SOCIETE MARSEILLAISE DE RESTAURATION ET SERVICES,SODEXHO MARSEILLE,,"2 BIS BOULEVARD J, SAADE - QUAI D'ARENC",MARSEILLE,13002,,,,,39234308300052,Sophie NERON,5629A,1993-09-13,23541171.0,1,Boulevard saade - quai arenc,Marseille,13002,,43.313078,5.366462
512,313151292,SOCAMIL,LECLERC,,21 RUE BLANQUI,TOURNEFEUILLE,93400,,,,,31315129200056,Steve HOULIEZ,4617A,1978-06-01,,0,,,,,,
449,26320093,SOCIETE AGENAISE DE TRANSPORTS ET D'AFFRETEMENTS ROUTIERS,SATAR,,ZA DE ALLEUX-TADEN,AGEN,22100,,,,,2632009300086,PRIM@EVER SERVICES,5229B,1972-01-01,,0,,,,,,
463,70501580,SOCIETE ALPINE D'ISOLATION THERMIQUE,SAIT,,1 RUE DU DOCTEUR ZAMENHOF,BRESSON,13016,,,,,7050158000024,MBO GROUPE,4329A,1971-01-01,,0,,,,,,
466,86120235,SOCIETE D'AMENAGEMENT FONCIER ET D'ETABLISSEMENT RURAL OCCITANIE,SAFALT,,5 RUE ROBERT AGEST,AUZEVILLE-TOLOSANE,64320,,,,,8612023500113,Michel BAYLAC,4299Z,1971-01-01,,0,,,,,,
345,411298466,"SOCIETE DE DIFFUSION FLORALE, EN ABREGE SODIF",EST FLEURS,,74 BIEF GODARD,CROTTET,01290,,,,,41129846600011,JC DISTRIBUTION,4622Z,1997-03-05,38432346.0,0,,,,,,
529,316539071,SOCIETE DE DISTRIBUTION CATALANE,SOCIETE DE DISTRIBUTION CATALANE,,11 RUE DE CAMBRAI,PERPIGNAN,75019,,,,,31653907100027,Christophe VINCENT,4711F,1979-09-01,,0,,,,,,
490,306092669,SOCIETE DE MAGASINS VILLEFRANCHOIS,CARREFOUR,,43 RUE DU FAUBOURG SAINT HONORE,VILLEFRANCHE-DE-ROUERGUE,75008,,,,,30609266900028,HOLDING FINANCIERE 2D,4711F,1976-01-01,,0,,,,,,
539,318044971,SOCIETE D'EXPLOITATION DES ETS MASSAFERRO,SOCIETE D'EXPLOITATION DES ETS MASSAFERRO,,9 BOULEVARD ROMAIN ROLLAND,LA CRAU,75014,,,,,31804497100030,Jacques GROISON,4631Z,1980-01-01,,0,,,,,,
453,58809963,SOCIETE GENERALE DE TRANSIT ET DE TRANSPORTS MARITIMES ET TERRESTRES SOMATRANS,SOMATRANS,,3 RUE FERNAND PELLOUTIER,VAULX-EN-VELIN,38130,,,,,5880996300075,DOM MESSAGERIES,5229B,1961-01-01,,0,,,,,,
110,305291346,SOCIETE NOUVELLE LA MAILLE SOUPLE,PETIT BATEAU,,15 RUE DU LT PIERRE MURARD,TROYES,10000,,,,,30529134600123,Jean-christophe SELLES,4771Z,1965-01-01,97444116.0,1,Rue du Lieutenant Pierre Murard,Troyes,10000,,48.303809,4.056379
478,303816854,SOCIETE VANSEENNE DE DISTRIBUTION,SARL SODISA,,6 AVENUE LEON JOUHAUX,LES VANS,31140,,,,,30381685400119,SARL SOMAPAN DISTRIBUTION,4711D,1975-01-01,,0,,,,,,
105,301940219,SODEXO,QUALITY OF LIFE OBS,,255 QUAI DE LA BATAILLE DE STALINGRAD,ISSY-LES-MOULINEAUX,92130,,,,,30194021914572,Sophie BELLON,5629B,1975-01-01,202000000.0,1,Quai de la Bataille de Stalingrad,Issy-les-Moulineaux,92130,,48.821877,2.251205
288,338253230,SODEXO ENTREPRISES,BALOO,,6 RUE DE LA REDOUTE,GUYANCOURT,78280,,,,,33825323022013,Stéphane ROGER,5629A,1948-01-01,574609449.0,1,Rue de la Redoute,Guyancourt,78280,,48.783192,2.057953
119,311160592,SODEXO SPORTS ET LOISIRS,PLAZZA EXPRESS,,6 RUE DE LA REDOUTE,GUYANCOURT,78280,,,,,31116059201555,Franck CHANEVAS,5610A,1977-01-01,128450563.0,1,Rue de la Redoute,Guyancourt,78280,,48.783192,2.057953
496,309066876,SODIREV,E.LECLERC,,PLACE DU MARCHE COUVERT,SAINT-ORENS-DE-GAMEVILLE,12170,,,,,30906687600033,Nicolas PILON,4711F,1987-01-01,,0,,,,,,
195,325654713,SOFINTHER,SOFINTHER,,130 BIS RUE DE L AVIATION,BOUGUENAIS,44340,,,,,32565471300420,REXEL FRANCE,4674B,1982-09-06,253604776.0,1,Rue de l'Aviation,Bouguenais,44340,,47.157636,-1.59438
456,65500068,SOLOPLAST-VOSSCHEMIE,SOLOPLAST-VOSSCHEMIE,,183 ROUTE DES CAMOINS,FONTANIL-CORNILLON,13011,,,,,6550006800070,Klaus VOSS,4675Z,1965-01-01,,0,,,,,,
106,302510151,SONITHERM,SOCIETE NICOISE DE REALISATIONS THERMIQUES SONITHERM,,33 BOULEVARD DE L ARIANE,NICE,06300,,,,,30251015100020,Fabrice TENNESON,3821Z,1974-01-01,34600000.0,1,Boulevard de l'Ariane,Nice,06300,,43.734153,7.29205
511,312670730,SORMAF,MATEMBAL SORMAF,,60 AVENUE DU MARQUISAT,CAVAILLON,31170,,,,,31267073000034,Jean-robert MARINO,4669B,1978-01-01,,0,,,,,,
134,443571443,SOS OXYGENE PARTICIPATIONS,SOS OXYGENE PARTICIPATIONS,,4 CHEMIN DE LA GLACIERE,NICE,06200,,,,,44357144300037,Armand PASTOREL,8299Z,2002-09-10,49625400.0,1,Chemin de la Glacière,Nice,06200,,43.719813,7.193082
192,321591067,SPAG SOCIETE PROVENCALE D'ACHAT ET DE GESTION ,OLLY GAN,,350 RUE GUSTAVE EIFFEL,AIX-EN-PROVENCE,13290,,,,,32159106701390,OG81,4771Z,1981-02-01,23929539.0,1,Rue Gustave Eiffel,Aix-en-Provence,13290,,43.484445,5.388702
312,351164488,SPODIS SA,JD SPORTS,,274 BIS AVENUE DE LA MARNE,MARCQ-EN-BAROEUL,59700,,,,,35116448802465,Paul ORANGE,4772A,1989-04-26,382522090.0,1,Avenue de la Marne,Marcq-en-Barœul,59700,,50.676023,3.109035
341,400165635,SPRINGFIELD France,SPRINGFIELD FRANCE,,3 RUE MASSENA,Nice,06000,,,,,40016563500600,TENDAM FRANCE,4771Z,2000-04-14,8757360.0,1,Rue Masséna,Nice,06000,,43.697791,7.268929
483,304816945,STE DU MARCHE AUX FLEURS D'HYERES,STE DU MARCHE AUX FLEURS D'HYERES,,125 AVENUE DE PARIS,HYÈRES,92320,,,,,30481694500022,Michel GUEIRARD,4611Z,1981-03-30,,0,,,,,,
448,25820143,STE FROMAFRUIT,GROUPE GMD,,MARCHE GARE,AGEN,47000,,,,,2582014300045,G.M.DEVELOPPEMENT,4633Z,1963-01-01,,0,,,,,,
291,338880180,STOCK J BOUTIQUE JENNYFER,JENNYFER,,AVENUE JEAN MEDECIN,Nice,06000,,,,,33888018002237,MAUDELINA,4771Z,2006-11-01,208559218.0,1,Avenue Jean Médecin,Nice,06000,,43.701933,7.267196
308,348534306,STORDATA,STORDATA,,28 RUE SAINT HONORE,VERSAILLES,78000,,,,,34853430600033,Olivier TEICHMAN,4651Z,1988-10-01,78417773.0,1,Rue Saint Honoré,Versailles,78000,,48.794617,2.122578
138,451556294,SUD BATIMENT PAUSELLI,SUD BATIMENT PAUSELLI,,33 RUE DABRAY,NICE,06000,,,,,45155629400010,Daniel PAUSELLI,4399C,2004-01-01,1754400.0,1,Rue Dabray,Nice,06000,,43.708306,7.256894
329,390589133,SUD PREVENTION SECURITE,ECF S.P.S.,,19 RUE HENRI ET ANTOINE MAURRAS,MARSEILLE,13016,,,,,39058913300086,SPS SOLUTIONS INVEST,8553Z,1993-04-01,17570897.0,1,Rue henri et antoine maurras,Marseille,13016,,43.35571,5.339293
522,316057728,SURGELES DISTRIBUTION,SURGELES DISTRIBUTION,,5 PLACE DES VOSGES,MARSEILLE,75004,,,,,31605772800057,PINATEL REMI,4639A,1979-01-01,,0,,,,,,
536,317576890,TAQUIPNEU,TAQUIPNEU,,QUAI QUAI DU PORT AU VIN,MONTAUBAN,78270,,,,,31757689000733,Julien TAQUI,4531Z,1980-01-01,,0,,,,,,
343,408140671,TARA JARMON,TARA JARMON,,10 RUE DE LA LIBERTE,Nice,06000,,,,,40814067100152,BRAND SISTERS,4771Z,2017-08-07,9300000.0,1,Rue de la Liberté,Nice,06000,,43.698493,7.268114
194,323528448,TERRES DE CUISINE,TERRES DE CUISINE,,ZA LA HORSIERE,ROGNONAS,13870,,,,,32352844800042,Jérôme PARNISARI,5629A,1981-09-01,26058252.0,1,ZA la Horsiere,Rognonas,13870,,43.898746,4.815473
461,69200210,TGS FRANCE EXPERTISE COMPTABLE PAIE RH,TGS FRANCE,,5 RUE PAPIAU DE LA VERRIE,BEAUCOUZÉ,49000,,,,,6920021001634,Christian FOUCHARD,6920Z,1970-01-01,,0,,,,,,
322,379587900,THOM,HISTOIRE D'OR,,55 RUE D'AMSTERDAM,PARIS,75008,,,,,37958790006692,Romain PENINQUE,4777Z,1990-07-25,595510358.0,1,Rue d'Amsterdam,Paris,75008,,48.880384,2.32695
509,311879217,TIGNOL BETON,TOUT FAIRE,,ZONE INDUSTRIELLE,NÈGREPELISSE,33450,,,,,31187921700025,Fabien TIGNOL,4120A,1978-01-01,,0,,,,,,
169,851461921,TOUATI TELECOM,TOUATI TELECOM,,3 RUE NATHALIE MASSE,NICE,06000,,,,,85146192100013,Wissem TOUATI,6110Z,2019-06-06,165000.0,1,Rue Nathalie Masse,Nice,06000,,43.711475,7.282423
502,310727110,T.P.L.M.,LECLERC,,25 CHEMIN DE LA QUEUE DE L'ETANG,CARCASSONNE,88200,,,,,31072711000010,Laurent BOISSONADE,4711F,1983-07-01,,0,,,,,,
302,347806002,UGC,UGC CINE CITE,,24 AVENUE CHARLES DE GAULLE,NEUILLY-SUR-SEINE,92200,,,,,34780600200023,Samuel LOISEAU,5914Z,1988-08-11,166887113.0,1,Avenue Charles de Gaulle,Neuilly-sur-Seine,92200,,48.879267,2.278819
540,318187887,VERTS LOISIRS,VERTS LOISIRS,,11 BOULEVARD MONT D EST,LAGRAVE,93160,,,,,31818788700027,Bernard COSTES,4619A,1980-01-01,,0,,,,,,
318,353238520,VF J France,TIMBERLAND VANS,,31 RUE DU LOUVRE,PARIS,75002,,,,,35323852000749,Martino SCABBIA GUERRINI,4642Z,1989-12-15,276303660.0,1,Rue du Louvre,Paris,75002,,48.866116,2.343352
293,339788309,VINCI IMMOBILIER PROMOTION,GTM IMMOBILIER,,2313 BOULEVARD DE LA DEFENSE,NANTERRE,92000,,,,,33978830900781,Olivier ROULLEAU DE LA ROUSSIERE,4110A,1986-12-10,145830344.0,1,Boulevard de la Défense,Nanterre,92000,,48.896684,2.231234
108,303435010,voyage Masson,ALOHA VOYAGES & PASSION,,52 RUE JULES JUILLET,CREIL,60100,,,,,30343501000010,Jean DIONNET,7911Z,1975-01-01,12236584.0,1,Rue Jules Juillet,Creil,60100,,49.264128,2.470836
323,381289628,VPSITEX,VPSITEX,,8 RUE BERNARD BUFFET,PARIS,75017,,,,,38128962800343,Jean-christophe CHWAT,8020Z,1991-02-20,38110667.0,1,Rue Bernard Buffet,Paris,75017,,48.891943,2.316202
320,377550249, WAVESTONE,WAVESTONE,,100 TERRASSE BOIELDIEU,PUTEAUX,92800,,,,,37755024900041,Pascal IMBERT,6202A,1990-04-01,377647000.0,1,Terrasse Boieldieu,Puteaux,92800,,48.889287,2.24075
506,311248637,Willis Towers Watson France,GRAS SAVOYE NANTES,,8 RUE DU BOIS JOLI,PUTEAUX,63800,,,,,31124863700804,Anne PULLUM,6622Z,1977-01-01,,0,,,,,,
491,306494493,WILMOTTE & ASSOCIES,WILLMOTTE ET ASSOCIES,,RUE DU TRAITE DE ROME,PARIS,34430,,,,,30649449300050,Jean-michel WILMOTTE,7111Z,1983-05-01,,1,Rue du Traite de Rome,Saint-Jean-de-Védas,34430,,43.569308,3.839064
309,348991555,ZARA France,ZARA,,10 AVENUE JEAN MEDECIN,Nice,06000,,,,,34899155500353,Jose ROMAY DE LA COLINA,4771Z,1996-08-31,1278371812.0,1,Avenue Jean Médecin,Nice,06000,,43.699415,7.268911
